"Eval '/home/users/amazouz/Tool/microlaunch/Libraries/energy/energy.so'","Eval '/home/users/amazouz/Tool/likwid_power/likwid_energy.so'","Eval '/home/users/amazouz/Tool/microlaunch/Libraries/pfmcounters/pfmcounters.so'","Eval '/home/users/amazouz/Tool/microlaunch/Libraries/timer/timer.so'","Eval '/home/users/amazouz/Tool/microlaunch/Libraries/cpuTemp/cpuTemp.so'","Id of current run","Number of resumes","Number of arrays","Vector #1 alignment",
3049.020000,1151.158859,38315336193.000000,100462791144.000000,41.000000,1,0,1,0,
3053.160000,1154.019485,38315410040.000000,100458491156.000000,42.000000,1,0,1,0,
3050.640000,1150.450226,38311138186.000000,100461082040.000000,41.500000,1,0,1,0,
3048.120000,1149.965439,38304227834.000000,100451507872.000000,41.000000,1,0,1,0,
3047.040000,1149.425095,38313175130.000000,100458635560.000000,41.000000,1,0,1,0,
